workspaceId,size,coroutine,mode,timeMillis
727f-3326-faf8-efb0,250,1,kt_ntv_coordinator,132
727f-3326-faf8-efb0,250,1,kt_ntv_coordinator,130
727f-3326-faf8-efb0,250,1,kt_ntv_coordinator,169
727f-3326-faf8-efb0,250,1,kt_ntv_coordinator,123
727f-3326-faf8-efb0,250,1,kt_ntv_coordinator,124
727f-3326-faf8-efb0,250,1,kt_ntv_coordinator,125
727f-3326-faf8-efb0,250,1,kt_ntv_coordinator,126
727f-3326-faf8-efb0,250,1,kt_ntv_coordinator,128
727f-3326-faf8-efb0,250,1,kt_ntv_coordinator,126
727f-3326-faf8-efb0,250,1,kt_ntv_coordinator,125870e-9b69-d323-4ecb,250,1,kt_ntv_fan,46
870e-9b69-d323-4ecb,250,1,kt_ntv_fan,48
870e-9b69-d323-4ecb,250,1,kt_ntv_fan,49
870e-9b69-d323-4ecb,250,1,kt_ntv_fan,49
870e-9b69-d323-4ecb,250,1,kt_ntv_fan,49
870e-9b69-d323-4ecb,250,1,kt_ntv_fan,49
870e-9b69-d323-4ecb,250,1,kt_ntv_fan,50
870e-9b69-d323-4ecb,250,1,kt_ntv_fan,49
870e-9b69-d323-4ecb,250,1,kt_ntv_fan,48
870e-9b69-d323-4ecb,250,1,kt_ntv_fan,48a12c-292c-1920-53a3,250,1,kt_ntv_pure,337
a12c-292c-1920-53a3,250,1,kt_ntv_pure,356
a12c-292c-1920-53a3,250,1,kt_ntv_pure,352
a12c-292c-1920-53a3,250,1,kt_ntv_pure,330
a12c-292c-1920-53a3,250,1,kt_ntv_pure,337
a12c-292c-1920-53a3,250,1,kt_ntv_pure,336
a12c-292c-1920-53a3,250,1,kt_ntv_pure,339
a12c-292c-1920-53a3,250,1,kt_ntv_pure,337
a12c-292c-1920-53a3,250,1,kt_ntv_pure,347
a12c-292c-1920-53a3,250,1,kt_ntv_pure,336447f-24ac-dbec-e846,250,2,kt_ntv_coordinator,121
447f-24ac-dbec-e846,250,2,kt_ntv_coordinator,121
447f-24ac-dbec-e846,250,2,kt_ntv_coordinator,121
447f-24ac-dbec-e846,250,2,kt_ntv_coordinator,122
447f-24ac-dbec-e846,250,2,kt_ntv_coordinator,122
447f-24ac-dbec-e846,250,2,kt_ntv_coordinator,122
447f-24ac-dbec-e846,250,2,kt_ntv_coordinator,122
447f-24ac-dbec-e846,250,2,kt_ntv_coordinator,122
447f-24ac-dbec-e846,250,2,kt_ntv_coordinator,120
447f-24ac-dbec-e846,250,2,kt_ntv_coordinator,1207faa-40a6-ae91-9143,250,2,kt_ntv_fan,48
7faa-40a6-ae91-9143,250,2,kt_ntv_fan,49
7faa-40a6-ae91-9143,250,2,kt_ntv_fan,50
7faa-40a6-ae91-9143,250,2,kt_ntv_fan,50
7faa-40a6-ae91-9143,250,2,kt_ntv_fan,50
7faa-40a6-ae91-9143,250,2,kt_ntv_fan,50
7faa-40a6-ae91-9143,250,2,kt_ntv_fan,50
7faa-40a6-ae91-9143,250,2,kt_ntv_fan,50
7faa-40a6-ae91-9143,250,2,kt_ntv_fan,49
7faa-40a6-ae91-9143,250,2,kt_ntv_fan,494382-0441-081f-5860,250,2,kt_ntv_pure,345
4382-0441-081f-5860,250,2,kt_ntv_pure,344
4382-0441-081f-5860,250,2,kt_ntv_pure,344
4382-0441-081f-5860,250,2,kt_ntv_pure,348
4382-0441-081f-5860,250,2,kt_ntv_pure,365
4382-0441-081f-5860,250,2,kt_ntv_pure,369
4382-0441-081f-5860,250,2,kt_ntv_pure,371
4382-0441-081f-5860,250,2,kt_ntv_pure,370
4382-0441-081f-5860,250,2,kt_ntv_pure,370
4382-0441-081f-5860,250,2,kt_ntv_pure,361e06a-c0f2-db48-6e2e,250,3,kt_ntv_coordinator,115
e06a-c0f2-db48-6e2e,250,3,kt_ntv_coordinator,122
e06a-c0f2-db48-6e2e,250,3,kt_ntv_coordinator,114
e06a-c0f2-db48-6e2e,250,3,kt_ntv_coordinator,113
e06a-c0f2-db48-6e2e,250,3,kt_ntv_coordinator,114
e06a-c0f2-db48-6e2e,250,3,kt_ntv_coordinator,115
e06a-c0f2-db48-6e2e,250,3,kt_ntv_coordinator,116
e06a-c0f2-db48-6e2e,250,3,kt_ntv_coordinator,115
e06a-c0f2-db48-6e2e,250,3,kt_ntv_coordinator,115
e06a-c0f2-db48-6e2e,250,3,kt_ntv_coordinator,11568f1-2637-d7e9-7cc2,250,3,kt_ntv_fan,50
68f1-2637-d7e9-7cc2,250,3,kt_ntv_fan,51
68f1-2637-d7e9-7cc2,250,3,kt_ntv_fan,51
68f1-2637-d7e9-7cc2,250,3,kt_ntv_fan,51
68f1-2637-d7e9-7cc2,250,3,kt_ntv_fan,52
68f1-2637-d7e9-7cc2,250,3,kt_ntv_fan,51
68f1-2637-d7e9-7cc2,250,3,kt_ntv_fan,50
68f1-2637-d7e9-7cc2,250,3,kt_ntv_fan,50
68f1-2637-d7e9-7cc2,250,3,kt_ntv_fan,50
68f1-2637-d7e9-7cc2,250,3,kt_ntv_fan,50134a-2e76-b432-4792,250,3,kt_ntv_pure,360
134a-2e76-b432-4792,250,3,kt_ntv_pure,361
134a-2e76-b432-4792,250,3,kt_ntv_pure,360
134a-2e76-b432-4792,250,3,kt_ntv_pure,361
134a-2e76-b432-4792,250,3,kt_ntv_pure,364
134a-2e76-b432-4792,250,3,kt_ntv_pure,357
134a-2e76-b432-4792,250,3,kt_ntv_pure,344
134a-2e76-b432-4792,250,3,kt_ntv_pure,345
134a-2e76-b432-4792,250,3,kt_ntv_pure,347
134a-2e76-b432-4792,250,3,kt_ntv_pure,34547ab-43f6-6637-5b6a,250,4,kt_ntv_coordinator,107
47ab-43f6-6637-5b6a,250,4,kt_ntv_coordinator,113
47ab-43f6-6637-5b6a,250,4,kt_ntv_coordinator,105
47ab-43f6-6637-5b6a,250,4,kt_ntv_coordinator,105
47ab-43f6-6637-5b6a,250,4,kt_ntv_coordinator,106
47ab-43f6-6637-5b6a,250,4,kt_ntv_coordinator,105
47ab-43f6-6637-5b6a,250,4,kt_ntv_coordinator,106
47ab-43f6-6637-5b6a,250,4,kt_ntv_coordinator,105
47ab-43f6-6637-5b6a,250,4,kt_ntv_coordinator,106
47ab-43f6-6637-5b6a,250,4,kt_ntv_coordinator,106683d-e708-0f53-0c94,250,4,kt_ntv_fan,47
683d-e708-0f53-0c94,250,4,kt_ntv_fan,49
683d-e708-0f53-0c94,250,4,kt_ntv_fan,49
683d-e708-0f53-0c94,250,4,kt_ntv_fan,49
683d-e708-0f53-0c94,250,4,kt_ntv_fan,48
683d-e708-0f53-0c94,250,4,kt_ntv_fan,48
683d-e708-0f53-0c94,250,4,kt_ntv_fan,48
683d-e708-0f53-0c94,250,4,kt_ntv_fan,49
683d-e708-0f53-0c94,250,4,kt_ntv_fan,47
683d-e708-0f53-0c94,250,4,kt_ntv_fan,470604-6d13-3b53-0efd,250,4,kt_ntv_pure,336
0604-6d13-3b53-0efd,250,4,kt_ntv_pure,334
0604-6d13-3b53-0efd,250,4,kt_ntv_pure,343
0604-6d13-3b53-0efd,250,4,kt_ntv_pure,338
0604-6d13-3b53-0efd,250,4,kt_ntv_pure,337
0604-6d13-3b53-0efd,250,4,kt_ntv_pure,340
0604-6d13-3b53-0efd,250,4,kt_ntv_pure,331
0604-6d13-3b53-0efd,250,4,kt_ntv_pure,341
0604-6d13-3b53-0efd,250,4,kt_ntv_pure,343
0604-6d13-3b53-0efd,250,4,kt_ntv_pure,322ea4d-61d3-6d44-9f2e,250,5,kt_ntv_coordinator,108
ea4d-61d3-6d44-9f2e,250,5,kt_ntv_coordinator,105
ea4d-61d3-6d44-9f2e,250,5,kt_ntv_coordinator,104
ea4d-61d3-6d44-9f2e,250,5,kt_ntv_coordinator,104
ea4d-61d3-6d44-9f2e,250,5,kt_ntv_coordinator,104
ea4d-61d3-6d44-9f2e,250,5,kt_ntv_coordinator,104
ea4d-61d3-6d44-9f2e,250,5,kt_ntv_coordinator,105
ea4d-61d3-6d44-9f2e,250,5,kt_ntv_coordinator,105
ea4d-61d3-6d44-9f2e,250,5,kt_ntv_coordinator,106
ea4d-61d3-6d44-9f2e,250,5,kt_ntv_coordinator,106b8db-7da1-1b59-f4e9,250,5,kt_ntv_fan,50
b8db-7da1-1b59-f4e9,250,5,kt_ntv_fan,48
b8db-7da1-1b59-f4e9,250,5,kt_ntv_fan,49
b8db-7da1-1b59-f4e9,250,5,kt_ntv_fan,50
b8db-7da1-1b59-f4e9,250,5,kt_ntv_fan,48
b8db-7da1-1b59-f4e9,250,5,kt_ntv_fan,49
b8db-7da1-1b59-f4e9,250,5,kt_ntv_fan,48
b8db-7da1-1b59-f4e9,250,5,kt_ntv_fan,48
b8db-7da1-1b59-f4e9,250,5,kt_ntv_fan,47
b8db-7da1-1b59-f4e9,250,5,kt_ntv_fan,482699-06fb-9d6d-8754,250,5,kt_ntv_pure,338
2699-06fb-9d6d-8754,250,5,kt_ntv_pure,337
2699-06fb-9d6d-8754,250,5,kt_ntv_pure,336
2699-06fb-9d6d-8754,250,5,kt_ntv_pure,335
2699-06fb-9d6d-8754,250,5,kt_ntv_pure,335
2699-06fb-9d6d-8754,250,5,kt_ntv_pure,339
2699-06fb-9d6d-8754,250,5,kt_ntv_pure,320
2699-06fb-9d6d-8754,250,5,kt_ntv_pure,327
2699-06fb-9d6d-8754,250,5,kt_ntv_pure,321
2699-06fb-9d6d-8754,250,5,kt_ntv_pure,32622a2-7408-e5ba-14c5,250,6,kt_ntv_coordinator,109
22a2-7408-e5ba-14c5,250,6,kt_ntv_coordinator,115
22a2-7408-e5ba-14c5,250,6,kt_ntv_coordinator,109
22a2-7408-e5ba-14c5,250,6,kt_ntv_coordinator,109
22a2-7408-e5ba-14c5,250,6,kt_ntv_coordinator,109
22a2-7408-e5ba-14c5,250,6,kt_ntv_coordinator,110
22a2-7408-e5ba-14c5,250,6,kt_ntv_coordinator,106
22a2-7408-e5ba-14c5,250,6,kt_ntv_coordinator,109
22a2-7408-e5ba-14c5,250,6,kt_ntv_coordinator,109
22a2-7408-e5ba-14c5,250,6,kt_ntv_coordinator,1091bd9-8555-dfce-8d3d,250,6,kt_ntv_fan,52
1bd9-8555-dfce-8d3d,250,6,kt_ntv_fan,48
1bd9-8555-dfce-8d3d,250,6,kt_ntv_fan,48
1bd9-8555-dfce-8d3d,250,6,kt_ntv_fan,48
1bd9-8555-dfce-8d3d,250,6,kt_ntv_fan,48
1bd9-8555-dfce-8d3d,250,6,kt_ntv_fan,50
1bd9-8555-dfce-8d3d,250,6,kt_ntv_fan,51
1bd9-8555-dfce-8d3d,250,6,kt_ntv_fan,49
1bd9-8555-dfce-8d3d,250,6,kt_ntv_fan,46
1bd9-8555-dfce-8d3d,250,6,kt_ntv_fan,47c4b8-ce5d-4b98-580a,250,6,kt_ntv_pure,342
c4b8-ce5d-4b98-580a,250,6,kt_ntv_pure,345
c4b8-ce5d-4b98-580a,250,6,kt_ntv_pure,343
c4b8-ce5d-4b98-580a,250,6,kt_ntv_pure,342
c4b8-ce5d-4b98-580a,250,6,kt_ntv_pure,343
c4b8-ce5d-4b98-580a,250,6,kt_ntv_pure,344
c4b8-ce5d-4b98-580a,250,6,kt_ntv_pure,346
c4b8-ce5d-4b98-580a,250,6,kt_ntv_pure,350
c4b8-ce5d-4b98-580a,250,6,kt_ntv_pure,341
c4b8-ce5d-4b98-580a,250,6,kt_ntv_pure,324e9ee-4824-2702-206f,250,7,kt_ntv_coordinator,102
e9ee-4824-2702-206f,250,7,kt_ntv_coordinator,103
e9ee-4824-2702-206f,250,7,kt_ntv_coordinator,102
e9ee-4824-2702-206f,250,7,kt_ntv_coordinator,102
e9ee-4824-2702-206f,250,7,kt_ntv_coordinator,102
e9ee-4824-2702-206f,250,7,kt_ntv_coordinator,104
e9ee-4824-2702-206f,250,7,kt_ntv_coordinator,104
e9ee-4824-2702-206f,250,7,kt_ntv_coordinator,103
e9ee-4824-2702-206f,250,7,kt_ntv_coordinator,102
e9ee-4824-2702-206f,250,7,kt_ntv_coordinator,103372a-faaf-6295-7b69,250,7,kt_ntv_fan,48
372a-faaf-6295-7b69,250,7,kt_ntv_fan,48
372a-faaf-6295-7b69,250,7,kt_ntv_fan,49
372a-faaf-6295-7b69,250,7,kt_ntv_fan,48
372a-faaf-6295-7b69,250,7,kt_ntv_fan,48
372a-faaf-6295-7b69,250,7,kt_ntv_fan,48
372a-faaf-6295-7b69,250,7,kt_ntv_fan,49
372a-faaf-6295-7b69,250,7,kt_ntv_fan,49
372a-faaf-6295-7b69,250,7,kt_ntv_fan,48
372a-faaf-6295-7b69,250,7,kt_ntv_fan,475342-3285-b8dc-869c,250,7,kt_ntv_pure,338
5342-3285-b8dc-869c,250,7,kt_ntv_pure,338
5342-3285-b8dc-869c,250,7,kt_ntv_pure,342
5342-3285-b8dc-869c,250,7,kt_ntv_pure,341
5342-3285-b8dc-869c,250,7,kt_ntv_pure,341
5342-3285-b8dc-869c,250,7,kt_ntv_pure,342
5342-3285-b8dc-869c,250,7,kt_ntv_pure,349
5342-3285-b8dc-869c,250,7,kt_ntv_pure,344
5342-3285-b8dc-869c,250,7,kt_ntv_pure,342
5342-3285-b8dc-869c,250,7,kt_ntv_pure,342cc62-3d60-acdf-ae0f,250,8,kt_ntv_coordinator,106
cc62-3d60-acdf-ae0f,250,8,kt_ntv_coordinator,106
cc62-3d60-acdf-ae0f,250,8,kt_ntv_coordinator,107
cc62-3d60-acdf-ae0f,250,8,kt_ntv_coordinator,107
cc62-3d60-acdf-ae0f,250,8,kt_ntv_coordinator,107
cc62-3d60-acdf-ae0f,250,8,kt_ntv_coordinator,111
cc62-3d60-acdf-ae0f,250,8,kt_ntv_coordinator,107
cc62-3d60-acdf-ae0f,250,8,kt_ntv_coordinator,107
cc62-3d60-acdf-ae0f,250,8,kt_ntv_coordinator,107
cc62-3d60-acdf-ae0f,250,8,kt_ntv_coordinator,117baf3-f19e-458a-def9,250,8,kt_ntv_fan,47
baf3-f19e-458a-def9,250,8,kt_ntv_fan,47
baf3-f19e-458a-def9,250,8,kt_ntv_fan,48
baf3-f19e-458a-def9,250,8,kt_ntv_fan,48
baf3-f19e-458a-def9,250,8,kt_ntv_fan,48
baf3-f19e-458a-def9,250,8,kt_ntv_fan,48
baf3-f19e-458a-def9,250,8,kt_ntv_fan,48
baf3-f19e-458a-def9,250,8,kt_ntv_fan,48
baf3-f19e-458a-def9,250,8,kt_ntv_fan,48
baf3-f19e-458a-def9,250,8,kt_ntv_fan,48f40a-8c31-2267-c81c,250,8,kt_ntv_pure,330
f40a-8c31-2267-c81c,250,8,kt_ntv_pure,336
f40a-8c31-2267-c81c,250,8,kt_ntv_pure,335
f40a-8c31-2267-c81c,250,8,kt_ntv_pure,336
f40a-8c31-2267-c81c,250,8,kt_ntv_pure,325
f40a-8c31-2267-c81c,250,8,kt_ntv_pure,317
f40a-8c31-2267-c81c,250,8,kt_ntv_pure,317
f40a-8c31-2267-c81c,250,8,kt_ntv_pure,317
f40a-8c31-2267-c81c,250,8,kt_ntv_pure,319
f40a-8c31-2267-c81c,250,8,kt_ntv_pure,31951db-1b9c-20a0-7db4,250,9,kt_ntv_coordinator,104
51db-1b9c-20a0-7db4,250,9,kt_ntv_coordinator,98
51db-1b9c-20a0-7db4,250,9,kt_ntv_coordinator,99
51db-1b9c-20a0-7db4,250,9,kt_ntv_coordinator,99
51db-1b9c-20a0-7db4,250,9,kt_ntv_coordinator,98
51db-1b9c-20a0-7db4,250,9,kt_ntv_coordinator,99
51db-1b9c-20a0-7db4,250,9,kt_ntv_coordinator,99
51db-1b9c-20a0-7db4,250,9,kt_ntv_coordinator,99
51db-1b9c-20a0-7db4,250,9,kt_ntv_coordinator,100
51db-1b9c-20a0-7db4,250,9,kt_ntv_coordinator,100b25f-3831-b7b0-08d9,250,9,kt_ntv_fan,50
b25f-3831-b7b0-08d9,250,9,kt_ntv_fan,50
b25f-3831-b7b0-08d9,250,9,kt_ntv_fan,51
b25f-3831-b7b0-08d9,250,9,kt_ntv_fan,51
b25f-3831-b7b0-08d9,250,9,kt_ntv_fan,51
b25f-3831-b7b0-08d9,250,9,kt_ntv_fan,51
b25f-3831-b7b0-08d9,250,9,kt_ntv_fan,51
b25f-3831-b7b0-08d9,250,9,kt_ntv_fan,51
b25f-3831-b7b0-08d9,250,9,kt_ntv_fan,50
b25f-3831-b7b0-08d9,250,9,kt_ntv_fan,50c7d8-b270-ec59-ba05,250,9,kt_ntv_pure,332
c7d8-b270-ec59-ba05,250,9,kt_ntv_pure,330
c7d8-b270-ec59-ba05,250,9,kt_ntv_pure,331
c7d8-b270-ec59-ba05,250,9,kt_ntv_pure,326
c7d8-b270-ec59-ba05,250,9,kt_ntv_pure,312
c7d8-b270-ec59-ba05,250,9,kt_ntv_pure,312
c7d8-b270-ec59-ba05,250,9,kt_ntv_pure,314
c7d8-b270-ec59-ba05,250,9,kt_ntv_pure,313
c7d8-b270-ec59-ba05,250,9,kt_ntv_pure,312
c7d8-b270-ec59-ba05,250,9,kt_ntv_pure,313e4f1-be8a-2e8c-f6dd,250,10,kt_ntv_coordinator,108
e4f1-be8a-2e8c-f6dd,250,10,kt_ntv_coordinator,97
e4f1-be8a-2e8c-f6dd,250,10,kt_ntv_coordinator,99
e4f1-be8a-2e8c-f6dd,250,10,kt_ntv_coordinator,99
e4f1-be8a-2e8c-f6dd,250,10,kt_ntv_coordinator,98
e4f1-be8a-2e8c-f6dd,250,10,kt_ntv_coordinator,99
e4f1-be8a-2e8c-f6dd,250,10,kt_ntv_coordinator,99
e4f1-be8a-2e8c-f6dd,250,10,kt_ntv_coordinator,104
e4f1-be8a-2e8c-f6dd,250,10,kt_ntv_coordinator,103
e4f1-be8a-2e8c-f6dd,250,10,kt_ntv_coordinator,105dc44-034f-315a-7397,250,10,kt_ntv_fan,48
dc44-034f-315a-7397,250,10,kt_ntv_fan,51
dc44-034f-315a-7397,250,10,kt_ntv_fan,51
dc44-034f-315a-7397,250,10,kt_ntv_fan,51
dc44-034f-315a-7397,250,10,kt_ntv_fan,51
dc44-034f-315a-7397,250,10,kt_ntv_fan,50
dc44-034f-315a-7397,250,10,kt_ntv_fan,51
dc44-034f-315a-7397,250,10,kt_ntv_fan,50
dc44-034f-315a-7397,250,10,kt_ntv_fan,51
dc44-034f-315a-7397,250,10,kt_ntv_fan,51fd9b-60e4-5d8e-d6fd,250,10,kt_ntv_pure,333
fd9b-60e4-5d8e-d6fd,250,10,kt_ntv_pure,321
fd9b-60e4-5d8e-d6fd,250,10,kt_ntv_pure,316
fd9b-60e4-5d8e-d6fd,250,10,kt_ntv_pure,332
fd9b-60e4-5d8e-d6fd,250,10,kt_ntv_pure,336
fd9b-60e4-5d8e-d6fd,250,10,kt_ntv_pure,335
fd9b-60e4-5d8e-d6fd,250,10,kt_ntv_pure,324
fd9b-60e4-5d8e-d6fd,250,10,kt_ntv_pure,339
fd9b-60e4-5d8e-d6fd,250,10,kt_ntv_pure,338
fd9b-60e4-5d8e-d6fd,250,10,kt_ntv_pure,337f8b3-530d-39ca-5157,250,11,kt_ntv_coordinator,101
f8b3-530d-39ca-5157,250,11,kt_ntv_coordinator,107
f8b3-530d-39ca-5157,250,11,kt_ntv_coordinator,105
f8b3-530d-39ca-5157,250,11,kt_ntv_coordinator,105
f8b3-530d-39ca-5157,250,11,kt_ntv_coordinator,104
f8b3-530d-39ca-5157,250,11,kt_ntv_coordinator,105
f8b3-530d-39ca-5157,250,11,kt_ntv_coordinator,104
f8b3-530d-39ca-5157,250,11,kt_ntv_coordinator,105
f8b3-530d-39ca-5157,250,11,kt_ntv_coordinator,105
f8b3-530d-39ca-5157,250,11,kt_ntv_coordinator,1060547-7e66-5a66-0e4d,250,11,kt_ntv_fan,50
0547-7e66-5a66-0e4d,250,11,kt_ntv_fan,51
0547-7e66-5a66-0e4d,250,11,kt_ntv_fan,53
0547-7e66-5a66-0e4d,250,11,kt_ntv_fan,51
0547-7e66-5a66-0e4d,250,11,kt_ntv_fan,50
0547-7e66-5a66-0e4d,250,11,kt_ntv_fan,51
0547-7e66-5a66-0e4d,250,11,kt_ntv_fan,50
0547-7e66-5a66-0e4d,250,11,kt_ntv_fan,50
0547-7e66-5a66-0e4d,250,11,kt_ntv_fan,50
0547-7e66-5a66-0e4d,250,11,kt_ntv_fan,506e30-0972-1279-19d4,250,11,kt_ntv_pure,349
6e30-0972-1279-19d4,250,11,kt_ntv_pure,349
6e30-0972-1279-19d4,250,11,kt_ntv_pure,348
6e30-0972-1279-19d4,250,11,kt_ntv_pure,350
6e30-0972-1279-19d4,250,11,kt_ntv_pure,355
6e30-0972-1279-19d4,250,11,kt_ntv_pure,348
6e30-0972-1279-19d4,250,11,kt_ntv_pure,349
6e30-0972-1279-19d4,250,11,kt_ntv_pure,337
6e30-0972-1279-19d4,250,11,kt_ntv_pure,327
6e30-0972-1279-19d4,250,11,kt_ntv_pure,3303134-71dd-ced4-2c92,250,12,kt_ntv_coordinator,103
3134-71dd-ced4-2c92,250,12,kt_ntv_coordinator,103
3134-71dd-ced4-2c92,250,12,kt_ntv_coordinator,103
3134-71dd-ced4-2c92,250,12,kt_ntv_coordinator,102
3134-71dd-ced4-2c92,250,12,kt_ntv_coordinator,104
3134-71dd-ced4-2c92,250,12,kt_ntv_coordinator,103
3134-71dd-ced4-2c92,250,12,kt_ntv_coordinator,104
3134-71dd-ced4-2c92,250,12,kt_ntv_coordinator,104
3134-71dd-ced4-2c92,250,12,kt_ntv_coordinator,104
3134-71dd-ced4-2c92,250,12,kt_ntv_coordinator,1049531-f390-cc46-744b,250,12,kt_ntv_fan,45
9531-f390-cc46-744b,250,12,kt_ntv_fan,47
9531-f390-cc46-744b,250,12,kt_ntv_fan,47
9531-f390-cc46-744b,250,12,kt_ntv_fan,47
9531-f390-cc46-744b,250,12,kt_ntv_fan,50
9531-f390-cc46-744b,250,12,kt_ntv_fan,52
9531-f390-cc46-744b,250,12,kt_ntv_fan,50
9531-f390-cc46-744b,250,12,kt_ntv_fan,50
9531-f390-cc46-744b,250,12,kt_ntv_fan,50
9531-f390-cc46-744b,250,12,kt_ntv_fan,4919b4-ad23-8ff3-c5c7,250,12,kt_ntv_pure,322
19b4-ad23-8ff3-c5c7,250,12,kt_ntv_pure,327
19b4-ad23-8ff3-c5c7,250,12,kt_ntv_pure,322
19b4-ad23-8ff3-c5c7,250,12,kt_ntv_pure,307
19b4-ad23-8ff3-c5c7,250,12,kt_ntv_pure,302
19b4-ad23-8ff3-c5c7,250,12,kt_ntv_pure,324
19b4-ad23-8ff3-c5c7,250,12,kt_ntv_pure,310
19b4-ad23-8ff3-c5c7,250,12,kt_ntv_pure,304
19b4-ad23-8ff3-c5c7,250,12,kt_ntv_pure,306
19b4-ad23-8ff3-c5c7,250,12,kt_ntv_pure,310979e-2469-2352-7d51,250,13,kt_ntv_coordinator,106
979e-2469-2352-7d51,250,13,kt_ntv_coordinator,110
979e-2469-2352-7d51,250,13,kt_ntv_coordinator,103
979e-2469-2352-7d51,250,13,kt_ntv_coordinator,102
979e-2469-2352-7d51,250,13,kt_ntv_coordinator,104
979e-2469-2352-7d51,250,13,kt_ntv_coordinator,102
979e-2469-2352-7d51,250,13,kt_ntv_coordinator,103
979e-2469-2352-7d51,250,13,kt_ntv_coordinator,103
979e-2469-2352-7d51,250,13,kt_ntv_coordinator,103
979e-2469-2352-7d51,250,13,kt_ntv_coordinator,103e6bf-bcfc-24b4-bd98,250,13,kt_ntv_fan,50
e6bf-bcfc-24b4-bd98,250,13,kt_ntv_fan,52
e6bf-bcfc-24b4-bd98,250,13,kt_ntv_fan,52
e6bf-bcfc-24b4-bd98,250,13,kt_ntv_fan,52
e6bf-bcfc-24b4-bd98,250,13,kt_ntv_fan,51
e6bf-bcfc-24b4-bd98,250,13,kt_ntv_fan,52
e6bf-bcfc-24b4-bd98,250,13,kt_ntv_fan,51
e6bf-bcfc-24b4-bd98,250,13,kt_ntv_fan,58
e6bf-bcfc-24b4-bd98,250,13,kt_ntv_fan,51
e6bf-bcfc-24b4-bd98,250,13,kt_ntv_fan,512a7e-e139-9ea6-feae,250,13,kt_ntv_pure,332
2a7e-e139-9ea6-feae,250,13,kt_ntv_pure,329
2a7e-e139-9ea6-feae,250,13,kt_ntv_pure,329
2a7e-e139-9ea6-feae,250,13,kt_ntv_pure,332
2a7e-e139-9ea6-feae,250,13,kt_ntv_pure,332
2a7e-e139-9ea6-feae,250,13,kt_ntv_pure,320
2a7e-e139-9ea6-feae,250,13,kt_ntv_pure,311
2a7e-e139-9ea6-feae,250,13,kt_ntv_pure,312
2a7e-e139-9ea6-feae,250,13,kt_ntv_pure,314
2a7e-e139-9ea6-feae,250,13,kt_ntv_pure,3354b31-5f89-4695-8019,250,14,kt_ntv_coordinator,104
4b31-5f89-4695-8019,250,14,kt_ntv_coordinator,95
4b31-5f89-4695-8019,250,14,kt_ntv_coordinator,102
4b31-5f89-4695-8019,250,14,kt_ntv_coordinator,96
4b31-5f89-4695-8019,250,14,kt_ntv_coordinator,97
4b31-5f89-4695-8019,250,14,kt_ntv_coordinator,98
4b31-5f89-4695-8019,250,14,kt_ntv_coordinator,97
4b31-5f89-4695-8019,250,14,kt_ntv_coordinator,97
4b31-5f89-4695-8019,250,14,kt_ntv_coordinator,98
4b31-5f89-4695-8019,250,14,kt_ntv_coordinator,97498b-32b3-fd93-c800,250,14,kt_ntv_fan,48
498b-32b3-fd93-c800,250,14,kt_ntv_fan,54
498b-32b3-fd93-c800,250,14,kt_ntv_fan,54
498b-32b3-fd93-c800,250,14,kt_ntv_fan,50
498b-32b3-fd93-c800,250,14,kt_ntv_fan,51
498b-32b3-fd93-c800,250,14,kt_ntv_fan,50
498b-32b3-fd93-c800,250,14,kt_ntv_fan,50
498b-32b3-fd93-c800,250,14,kt_ntv_fan,50
498b-32b3-fd93-c800,250,14,kt_ntv_fan,50
498b-32b3-fd93-c800,250,14,kt_ntv_fan,49a555-c53f-343b-3b93,250,14,kt_ntv_pure,333
a555-c53f-343b-3b93,250,14,kt_ntv_pure,328
a555-c53f-343b-3b93,250,14,kt_ntv_pure,331
a555-c53f-343b-3b93,250,14,kt_ntv_pure,330
a555-c53f-343b-3b93,250,14,kt_ntv_pure,329
a555-c53f-343b-3b93,250,14,kt_ntv_pure,332
a555-c53f-343b-3b93,250,14,kt_ntv_pure,334
a555-c53f-343b-3b93,250,14,kt_ntv_pure,332
a555-c53f-343b-3b93,250,14,kt_ntv_pure,337
a555-c53f-343b-3b93,250,14,kt_ntv_pure,3399898-c0ed-5498-73ad,250,15,kt_ntv_coordinator,104
9898-c0ed-5498-73ad,250,15,kt_ntv_coordinator,109
9898-c0ed-5498-73ad,250,15,kt_ntv_coordinator,105
9898-c0ed-5498-73ad,250,15,kt_ntv_coordinator,104
9898-c0ed-5498-73ad,250,15,kt_ntv_coordinator,104
9898-c0ed-5498-73ad,250,15,kt_ntv_coordinator,105
9898-c0ed-5498-73ad,250,15,kt_ntv_coordinator,106
9898-c0ed-5498-73ad,250,15,kt_ntv_coordinator,107
9898-c0ed-5498-73ad,250,15,kt_ntv_coordinator,106
9898-c0ed-5498-73ad,250,15,kt_ntv_coordinator,1069661-b6c8-6da3-3e64,250,15,kt_ntv_fan,45
9661-b6c8-6da3-3e64,250,15,kt_ntv_fan,47
9661-b6c8-6da3-3e64,250,15,kt_ntv_fan,47
9661-b6c8-6da3-3e64,250,15,kt_ntv_fan,47
9661-b6c8-6da3-3e64,250,15,kt_ntv_fan,47
9661-b6c8-6da3-3e64,250,15,kt_ntv_fan,49
9661-b6c8-6da3-3e64,250,15,kt_ntv_fan,50
9661-b6c8-6da3-3e64,250,15,kt_ntv_fan,50
9661-b6c8-6da3-3e64,250,15,kt_ntv_fan,49
9661-b6c8-6da3-3e64,250,15,kt_ntv_fan,497b4e-5019-43c6-9d52,250,15,kt_ntv_pure,324
7b4e-5019-43c6-9d52,250,15,kt_ntv_pure,334
7b4e-5019-43c6-9d52,250,15,kt_ntv_pure,320
7b4e-5019-43c6-9d52,250,15,kt_ntv_pure,322
7b4e-5019-43c6-9d52,250,15,kt_ntv_pure,322
7b4e-5019-43c6-9d52,250,15,kt_ntv_pure,322
7b4e-5019-43c6-9d52,250,15,kt_ntv_pure,330
7b4e-5019-43c6-9d52,250,15,kt_ntv_pure,302
7b4e-5019-43c6-9d52,250,15,kt_ntv_pure,319
7b4e-5019-43c6-9d52,250,15,kt_ntv_pure,327280f-35c2-0b69-933a,250,16,kt_ntv_coordinator,107
280f-35c2-0b69-933a,250,16,kt_ntv_coordinator,110
280f-35c2-0b69-933a,250,16,kt_ntv_coordinator,107
280f-35c2-0b69-933a,250,16,kt_ntv_coordinator,101
280f-35c2-0b69-933a,250,16,kt_ntv_coordinator,101
280f-35c2-0b69-933a,250,16,kt_ntv_coordinator,102
280f-35c2-0b69-933a,250,16,kt_ntv_coordinator,102
280f-35c2-0b69-933a,250,16,kt_ntv_coordinator,102
280f-35c2-0b69-933a,250,16,kt_ntv_coordinator,103
280f-35c2-0b69-933a,250,16,kt_ntv_coordinator,10225f0-0b29-e690-77c5,250,16,kt_ntv_fan,49
25f0-0b29-e690-77c5,250,16,kt_ntv_fan,51
25f0-0b29-e690-77c5,250,16,kt_ntv_fan,56
25f0-0b29-e690-77c5,250,16,kt_ntv_fan,51
25f0-0b29-e690-77c5,250,16,kt_ntv_fan,51
25f0-0b29-e690-77c5,250,16,kt_ntv_fan,51
25f0-0b29-e690-77c5,250,16,kt_ntv_fan,50
25f0-0b29-e690-77c5,250,16,kt_ntv_fan,50
25f0-0b29-e690-77c5,250,16,kt_ntv_fan,50
25f0-0b29-e690-77c5,250,16,kt_ntv_fan,496b44-b00d-4585-6719,250,16,kt_ntv_pure,314
6b44-b00d-4585-6719,250,16,kt_ntv_pure,296
6b44-b00d-4585-6719,250,16,kt_ntv_pure,297
6b44-b00d-4585-6719,250,16,kt_ntv_pure,300
6b44-b00d-4585-6719,250,16,kt_ntv_pure,300
6b44-b00d-4585-6719,250,16,kt_ntv_pure,302
6b44-b00d-4585-6719,250,16,kt_ntv_pure,301
6b44-b00d-4585-6719,250,16,kt_ntv_pure,302
6b44-b00d-4585-6719,250,16,kt_ntv_pure,302
6b44-b00d-4585-6719,250,16,kt_ntv_pure,303782b-acac-e7fd-d174,250,17,kt_ntv_coordinator,104
782b-acac-e7fd-d174,250,17,kt_ntv_coordinator,110
782b-acac-e7fd-d174,250,17,kt_ntv_coordinator,106
782b-acac-e7fd-d174,250,17,kt_ntv_coordinator,101
782b-acac-e7fd-d174,250,17,kt_ntv_coordinator,100
782b-acac-e7fd-d174,250,17,kt_ntv_coordinator,101
782b-acac-e7fd-d174,250,17,kt_ntv_coordinator,101
782b-acac-e7fd-d174,250,17,kt_ntv_coordinator,101
782b-acac-e7fd-d174,250,17,kt_ntv_coordinator,101
782b-acac-e7fd-d174,250,17,kt_ntv_coordinator,1018cba-4b6f-76e1-6eb6,250,17,kt_ntv_fan,47
8cba-4b6f-76e1-6eb6,250,17,kt_ntv_fan,46
8cba-4b6f-76e1-6eb6,250,17,kt_ntv_fan,48
8cba-4b6f-76e1-6eb6,250,17,kt_ntv_fan,47
8cba-4b6f-76e1-6eb6,250,17,kt_ntv_fan,47
8cba-4b6f-76e1-6eb6,250,17,kt_ntv_fan,47
8cba-4b6f-76e1-6eb6,250,17,kt_ntv_fan,47
8cba-4b6f-76e1-6eb6,250,17,kt_ntv_fan,47
8cba-4b6f-76e1-6eb6,250,17,kt_ntv_fan,47
8cba-4b6f-76e1-6eb6,250,17,kt_ntv_fan,46076b-1126-9bbe-21b6,250,17,kt_ntv_pure,309
076b-1126-9bbe-21b6,250,17,kt_ntv_pure,307
076b-1126-9bbe-21b6,250,17,kt_ntv_pure,307
076b-1126-9bbe-21b6,250,17,kt_ntv_pure,308
076b-1126-9bbe-21b6,250,17,kt_ntv_pure,321
076b-1126-9bbe-21b6,250,17,kt_ntv_pure,327
076b-1126-9bbe-21b6,250,17,kt_ntv_pure,310
076b-1126-9bbe-21b6,250,17,kt_ntv_pure,318
076b-1126-9bbe-21b6,250,17,kt_ntv_pure,332
076b-1126-9bbe-21b6,250,17,kt_ntv_pure,33307b1-026a-e1cc-1123,250,18,kt_ntv_coordinator,105
07b1-026a-e1cc-1123,250,18,kt_ntv_coordinator,94
07b1-026a-e1cc-1123,250,18,kt_ntv_coordinator,114
07b1-026a-e1cc-1123,250,18,kt_ntv_coordinator,98
07b1-026a-e1cc-1123,250,18,kt_ntv_coordinator,96
07b1-026a-e1cc-1123,250,18,kt_ntv_coordinator,97
07b1-026a-e1cc-1123,250,18,kt_ntv_coordinator,99
07b1-026a-e1cc-1123,250,18,kt_ntv_coordinator,97
07b1-026a-e1cc-1123,250,18,kt_ntv_coordinator,98
07b1-026a-e1cc-1123,250,18,kt_ntv_coordinator,970ba1-4842-1a52-c04f,250,18,kt_ntv_fan,51
0ba1-4842-1a52-c04f,250,18,kt_ntv_fan,49
0ba1-4842-1a52-c04f,250,18,kt_ntv_fan,51
0ba1-4842-1a52-c04f,250,18,kt_ntv_fan,51
0ba1-4842-1a52-c04f,250,18,kt_ntv_fan,50
0ba1-4842-1a52-c04f,250,18,kt_ntv_fan,50
0ba1-4842-1a52-c04f,250,18,kt_ntv_fan,51
0ba1-4842-1a52-c04f,250,18,kt_ntv_fan,50
0ba1-4842-1a52-c04f,250,18,kt_ntv_fan,49
0ba1-4842-1a52-c04f,250,18,kt_ntv_fan,49182d-7ed1-9261-4c87,250,18,kt_ntv_pure,324
182d-7ed1-9261-4c87,250,18,kt_ntv_pure,318
182d-7ed1-9261-4c87,250,18,kt_ntv_pure,319
182d-7ed1-9261-4c87,250,18,kt_ntv_pure,321
182d-7ed1-9261-4c87,250,18,kt_ntv_pure,321
182d-7ed1-9261-4c87,250,18,kt_ntv_pure,323
182d-7ed1-9261-4c87,250,18,kt_ntv_pure,325
182d-7ed1-9261-4c87,250,18,kt_ntv_pure,326
182d-7ed1-9261-4c87,250,18,kt_ntv_pure,322
182d-7ed1-9261-4c87,250,18,kt_ntv_pure,3230564-2bdd-2a2b-41db,250,19,kt_ntv_coordinator,98
0564-2bdd-2a2b-41db,250,19,kt_ntv_coordinator,100
0564-2bdd-2a2b-41db,250,19,kt_ntv_coordinator,102
0564-2bdd-2a2b-41db,250,19,kt_ntv_coordinator,100
0564-2bdd-2a2b-41db,250,19,kt_ntv_coordinator,101
0564-2bdd-2a2b-41db,250,19,kt_ntv_coordinator,102
0564-2bdd-2a2b-41db,250,19,kt_ntv_coordinator,101
0564-2bdd-2a2b-41db,250,19,kt_ntv_coordinator,102
0564-2bdd-2a2b-41db,250,19,kt_ntv_coordinator,109
0564-2bdd-2a2b-41db,250,19,kt_ntv_coordinator,102c78a-2bab-ef99-6e08,250,19,kt_ntv_fan,47
c78a-2bab-ef99-6e08,250,19,kt_ntv_fan,47
c78a-2bab-ef99-6e08,250,19,kt_ntv_fan,48
c78a-2bab-ef99-6e08,250,19,kt_ntv_fan,47
c78a-2bab-ef99-6e08,250,19,kt_ntv_fan,48
c78a-2bab-ef99-6e08,250,19,kt_ntv_fan,48
c78a-2bab-ef99-6e08,250,19,kt_ntv_fan,47
c78a-2bab-ef99-6e08,250,19,kt_ntv_fan,48
c78a-2bab-ef99-6e08,250,19,kt_ntv_fan,47
c78a-2bab-ef99-6e08,250,19,kt_ntv_fan,475975-1bc6-a4e2-6ea6,250,19,kt_ntv_pure,321
5975-1bc6-a4e2-6ea6,250,19,kt_ntv_pure,301
5975-1bc6-a4e2-6ea6,250,19,kt_ntv_pure,300
5975-1bc6-a4e2-6ea6,250,19,kt_ntv_pure,302
5975-1bc6-a4e2-6ea6,250,19,kt_ntv_pure,308
5975-1bc6-a4e2-6ea6,250,19,kt_ntv_pure,305
5975-1bc6-a4e2-6ea6,250,19,kt_ntv_pure,308
5975-1bc6-a4e2-6ea6,250,19,kt_ntv_pure,313
5975-1bc6-a4e2-6ea6,250,19,kt_ntv_pure,324
5975-1bc6-a4e2-6ea6,250,19,kt_ntv_pure,32386a2-8b3a-07ed-5a9a,250,20,kt_ntv_coordinator,92
86a2-8b3a-07ed-5a9a,250,20,kt_ntv_coordinator,93
86a2-8b3a-07ed-5a9a,250,20,kt_ntv_coordinator,99
86a2-8b3a-07ed-5a9a,250,20,kt_ntv_coordinator,99
86a2-8b3a-07ed-5a9a,250,20,kt_ntv_coordinator,100
86a2-8b3a-07ed-5a9a,250,20,kt_ntv_coordinator,101
86a2-8b3a-07ed-5a9a,250,20,kt_ntv_coordinator,101
86a2-8b3a-07ed-5a9a,250,20,kt_ntv_coordinator,101
86a2-8b3a-07ed-5a9a,250,20,kt_ntv_coordinator,102
86a2-8b3a-07ed-5a9a,250,20,kt_ntv_coordinator,101350d-f3d1-8683-5acc,250,20,kt_ntv_fan,47
350d-f3d1-8683-5acc,250,20,kt_ntv_fan,47
350d-f3d1-8683-5acc,250,20,kt_ntv_fan,47
350d-f3d1-8683-5acc,250,20,kt_ntv_fan,47
350d-f3d1-8683-5acc,250,20,kt_ntv_fan,47
350d-f3d1-8683-5acc,250,20,kt_ntv_fan,47
350d-f3d1-8683-5acc,250,20,kt_ntv_fan,47
350d-f3d1-8683-5acc,250,20,kt_ntv_fan,47
350d-f3d1-8683-5acc,250,20,kt_ntv_fan,47
350d-f3d1-8683-5acc,250,20,kt_ntv_fan,4672d4-8ac5-f3a1-1cd3,250,20,kt_ntv_pure,347
72d4-8ac5-f3a1-1cd3,250,20,kt_ntv_pure,346
72d4-8ac5-f3a1-1cd3,250,20,kt_ntv_pure,346
72d4-8ac5-f3a1-1cd3,250,20,kt_ntv_pure,349
72d4-8ac5-f3a1-1cd3,250,20,kt_ntv_pure,348
72d4-8ac5-f3a1-1cd3,250,20,kt_ntv_pure,350
72d4-8ac5-f3a1-1cd3,250,20,kt_ntv_pure,348
72d4-8ac5-f3a1-1cd3,250,20,kt_ntv_pure,355
72d4-8ac5-f3a1-1cd3,250,20,kt_ntv_pure,349
72d4-8ac5-f3a1-1cd3,250,20,kt_ntv_pure,3513aef-6e4e-4c8c-f9c0,250,25,kt_ntv_coordinator,93
3aef-6e4e-4c8c-f9c0,250,25,kt_ntv_coordinator,92
3aef-6e4e-4c8c-f9c0,250,25,kt_ntv_coordinator,98
3aef-6e4e-4c8c-f9c0,250,25,kt_ntv_coordinator,99
3aef-6e4e-4c8c-f9c0,250,25,kt_ntv_coordinator,100
3aef-6e4e-4c8c-f9c0,250,25,kt_ntv_coordinator,101
3aef-6e4e-4c8c-f9c0,250,25,kt_ntv_coordinator,101
3aef-6e4e-4c8c-f9c0,250,25,kt_ntv_coordinator,101
3aef-6e4e-4c8c-f9c0,250,25,kt_ntv_coordinator,101
3aef-6e4e-4c8c-f9c0,250,25,kt_ntv_coordinator,10114dd-a27a-c8b9-19c0,250,25,kt_ntv_fan,45
14dd-a27a-c8b9-19c0,250,25,kt_ntv_fan,49
14dd-a27a-c8b9-19c0,250,25,kt_ntv_fan,51
14dd-a27a-c8b9-19c0,250,25,kt_ntv_fan,50
14dd-a27a-c8b9-19c0,250,25,kt_ntv_fan,51
14dd-a27a-c8b9-19c0,250,25,kt_ntv_fan,51
14dd-a27a-c8b9-19c0,250,25,kt_ntv_fan,50
14dd-a27a-c8b9-19c0,250,25,kt_ntv_fan,50
14dd-a27a-c8b9-19c0,250,25,kt_ntv_fan,49
14dd-a27a-c8b9-19c0,250,25,kt_ntv_fan,49e750-507d-93c8-49fa,250,25,kt_ntv_pure,342
e750-507d-93c8-49fa,250,25,kt_ntv_pure,343
e750-507d-93c8-49fa,250,25,kt_ntv_pure,367
e750-507d-93c8-49fa,250,25,kt_ntv_pure,344
e750-507d-93c8-49fa,250,25,kt_ntv_pure,349
e750-507d-93c8-49fa,250,25,kt_ntv_pure,340
e750-507d-93c8-49fa,250,25,kt_ntv_pure,345
e750-507d-93c8-49fa,250,25,kt_ntv_pure,339
e750-507d-93c8-49fa,250,25,kt_ntv_pure,339
e750-507d-93c8-49fa,250,25,kt_ntv_pure,34830fc-1ce2-1efa-cb29,250,30,kt_ntv_coordinator,101
30fc-1ce2-1efa-cb29,250,30,kt_ntv_coordinator,98
30fc-1ce2-1efa-cb29,250,30,kt_ntv_coordinator,107
30fc-1ce2-1efa-cb29,250,30,kt_ntv_coordinator,99
30fc-1ce2-1efa-cb29,250,30,kt_ntv_coordinator,100
30fc-1ce2-1efa-cb29,250,30,kt_ntv_coordinator,100
30fc-1ce2-1efa-cb29,250,30,kt_ntv_coordinator,100
30fc-1ce2-1efa-cb29,250,30,kt_ntv_coordinator,100
30fc-1ce2-1efa-cb29,250,30,kt_ntv_coordinator,101
30fc-1ce2-1efa-cb29,250,30,kt_ntv_coordinator,100841e-bee5-8f90-0f3a,250,30,kt_ntv_fan,50
841e-bee5-8f90-0f3a,250,30,kt_ntv_fan,51
841e-bee5-8f90-0f3a,250,30,kt_ntv_fan,51
841e-bee5-8f90-0f3a,250,30,kt_ntv_fan,51
841e-bee5-8f90-0f3a,250,30,kt_ntv_fan,52
841e-bee5-8f90-0f3a,250,30,kt_ntv_fan,52
841e-bee5-8f90-0f3a,250,30,kt_ntv_fan,51
841e-bee5-8f90-0f3a,250,30,kt_ntv_fan,51
841e-bee5-8f90-0f3a,250,30,kt_ntv_fan,51
841e-bee5-8f90-0f3a,250,30,kt_ntv_fan,505780-96d5-7935-908d,250,30,kt_ntv_pure,319
5780-96d5-7935-908d,250,30,kt_ntv_pure,319
5780-96d5-7935-908d,250,30,kt_ntv_pure,318
5780-96d5-7935-908d,250,30,kt_ntv_pure,318
5780-96d5-7935-908d,250,30,kt_ntv_pure,319
5780-96d5-7935-908d,250,30,kt_ntv_pure,314
5780-96d5-7935-908d,250,30,kt_ntv_pure,301
5780-96d5-7935-908d,250,30,kt_ntv_pure,318
5780-96d5-7935-908d,250,30,kt_ntv_pure,318
5780-96d5-7935-908d,250,30,kt_ntv_pure,302b75f-5d9e-72dc-3308,250,35,kt_ntv_coordinator,101
b75f-5d9e-72dc-3308,250,35,kt_ntv_coordinator,97
b75f-5d9e-72dc-3308,250,35,kt_ntv_coordinator,100
b75f-5d9e-72dc-3308,250,35,kt_ntv_coordinator,98
b75f-5d9e-72dc-3308,250,35,kt_ntv_coordinator,99
b75f-5d9e-72dc-3308,250,35,kt_ntv_coordinator,102
b75f-5d9e-72dc-3308,250,35,kt_ntv_coordinator,99
b75f-5d9e-72dc-3308,250,35,kt_ntv_coordinator,99
b75f-5d9e-72dc-3308,250,35,kt_ntv_coordinator,100
b75f-5d9e-72dc-3308,250,35,kt_ntv_coordinator,99e293-d4e1-6b20-d178,250,35,kt_ntv_fan,45
e293-d4e1-6b20-d178,250,35,kt_ntv_fan,47
e293-d4e1-6b20-d178,250,35,kt_ntv_fan,47
e293-d4e1-6b20-d178,250,35,kt_ntv_fan,47
e293-d4e1-6b20-d178,250,35,kt_ntv_fan,47
e293-d4e1-6b20-d178,250,35,kt_ntv_fan,47
e293-d4e1-6b20-d178,250,35,kt_ntv_fan,48
e293-d4e1-6b20-d178,250,35,kt_ntv_fan,47
e293-d4e1-6b20-d178,250,35,kt_ntv_fan,47
e293-d4e1-6b20-d178,250,35,kt_ntv_fan,461adb-2124-b3c4-153b,250,35,kt_ntv_pure,324
1adb-2124-b3c4-153b,250,35,kt_ntv_pure,318
1adb-2124-b3c4-153b,250,35,kt_ntv_pure,321
1adb-2124-b3c4-153b,250,35,kt_ntv_pure,322
1adb-2124-b3c4-153b,250,35,kt_ntv_pure,320
1adb-2124-b3c4-153b,250,35,kt_ntv_pure,323
1adb-2124-b3c4-153b,250,35,kt_ntv_pure,316
1adb-2124-b3c4-153b,250,35,kt_ntv_pure,301
1adb-2124-b3c4-153b,250,35,kt_ntv_pure,303
1adb-2124-b3c4-153b,250,35,kt_ntv_pure,3080161-a78a-f56c-37e0,250,40,kt_ntv_coordinator,95
0161-a78a-f56c-37e0,250,40,kt_ntv_coordinator,97
0161-a78a-f56c-37e0,250,40,kt_ntv_coordinator,103
0161-a78a-f56c-37e0,250,40,kt_ntv_coordinator,98
0161-a78a-f56c-37e0,250,40,kt_ntv_coordinator,98
0161-a78a-f56c-37e0,250,40,kt_ntv_coordinator,98
0161-a78a-f56c-37e0,250,40,kt_ntv_coordinator,100
0161-a78a-f56c-37e0,250,40,kt_ntv_coordinator,99
0161-a78a-f56c-37e0,250,40,kt_ntv_coordinator,99
0161-a78a-f56c-37e0,250,40,kt_ntv_coordinator,1040b65-6584-b242-4287,250,40,kt_ntv_fan,48
0b65-6584-b242-4287,250,40,kt_ntv_fan,51
0b65-6584-b242-4287,250,40,kt_ntv_fan,52
0b65-6584-b242-4287,250,40,kt_ntv_fan,51
0b65-6584-b242-4287,250,40,kt_ntv_fan,52
0b65-6584-b242-4287,250,40,kt_ntv_fan,51
0b65-6584-b242-4287,250,40,kt_ntv_fan,54
0b65-6584-b242-4287,250,40,kt_ntv_fan,52
0b65-6584-b242-4287,250,40,kt_ntv_fan,47
0b65-6584-b242-4287,250,40,kt_ntv_fan,479f52-6414-78c0-7083,250,40,kt_ntv_pure,344
9f52-6414-78c0-7083,250,40,kt_ntv_pure,331
9f52-6414-78c0-7083,250,40,kt_ntv_pure,321
9f52-6414-78c0-7083,250,40,kt_ntv_pure,327
9f52-6414-78c0-7083,250,40,kt_ntv_pure,339
9f52-6414-78c0-7083,250,40,kt_ntv_pure,346
9f52-6414-78c0-7083,250,40,kt_ntv_pure,345
9f52-6414-78c0-7083,250,40,kt_ntv_pure,345
9f52-6414-78c0-7083,250,40,kt_ntv_pure,351
9f52-6414-78c0-7083,250,40,kt_ntv_pure,34585be-3a3a-7d69-7963,250,45,kt_ntv_coordinator,94
85be-3a3a-7d69-7963,250,45,kt_ntv_coordinator,97
85be-3a3a-7d69-7963,250,45,kt_ntv_coordinator,98
85be-3a3a-7d69-7963,250,45,kt_ntv_coordinator,99
85be-3a3a-7d69-7963,250,45,kt_ntv_coordinator,99
85be-3a3a-7d69-7963,250,45,kt_ntv_coordinator,100
85be-3a3a-7d69-7963,250,45,kt_ntv_coordinator,99
85be-3a3a-7d69-7963,250,45,kt_ntv_coordinator,100
85be-3a3a-7d69-7963,250,45,kt_ntv_coordinator,100
85be-3a3a-7d69-7963,250,45,kt_ntv_coordinator,1007451-aeec-4f70-1d0f,250,45,kt_ntv_fan,50
7451-aeec-4f70-1d0f,250,45,kt_ntv_fan,50
7451-aeec-4f70-1d0f,250,45,kt_ntv_fan,51
7451-aeec-4f70-1d0f,250,45,kt_ntv_fan,50
7451-aeec-4f70-1d0f,250,45,kt_ntv_fan,50
7451-aeec-4f70-1d0f,250,45,kt_ntv_fan,51
7451-aeec-4f70-1d0f,250,45,kt_ntv_fan,50
7451-aeec-4f70-1d0f,250,45,kt_ntv_fan,49
7451-aeec-4f70-1d0f,250,45,kt_ntv_fan,49
7451-aeec-4f70-1d0f,250,45,kt_ntv_fan,51ecae-3fe4-3e3b-a689,250,45,kt_ntv_pure,320
ecae-3fe4-3e3b-a689,250,45,kt_ntv_pure,329
ecae-3fe4-3e3b-a689,250,45,kt_ntv_pure,341
ecae-3fe4-3e3b-a689,250,45,kt_ntv_pure,341
ecae-3fe4-3e3b-a689,250,45,kt_ntv_pure,344
ecae-3fe4-3e3b-a689,250,45,kt_ntv_pure,342
ecae-3fe4-3e3b-a689,250,45,kt_ntv_pure,325
ecae-3fe4-3e3b-a689,250,45,kt_ntv_pure,326
ecae-3fe4-3e3b-a689,250,45,kt_ntv_pure,330
ecae-3fe4-3e3b-a689,250,45,kt_ntv_pure,3258c2e-db3e-2823-5e56,250,50,kt_ntv_coordinator,99
8c2e-db3e-2823-5e56,250,50,kt_ntv_coordinator,93
8c2e-db3e-2823-5e56,250,50,kt_ntv_coordinator,96
8c2e-db3e-2823-5e56,250,50,kt_ntv_coordinator,93
8c2e-db3e-2823-5e56,250,50,kt_ntv_coordinator,94
8c2e-db3e-2823-5e56,250,50,kt_ntv_coordinator,94
8c2e-db3e-2823-5e56,250,50,kt_ntv_coordinator,95
8c2e-db3e-2823-5e56,250,50,kt_ntv_coordinator,94
8c2e-db3e-2823-5e56,250,50,kt_ntv_coordinator,95
8c2e-db3e-2823-5e56,250,50,kt_ntv_coordinator,94a963-e812-da4c-613f,250,50,kt_ntv_fan,46
a963-e812-da4c-613f,250,50,kt_ntv_fan,47
a963-e812-da4c-613f,250,50,kt_ntv_fan,49
a963-e812-da4c-613f,250,50,kt_ntv_fan,47
a963-e812-da4c-613f,250,50,kt_ntv_fan,48
a963-e812-da4c-613f,250,50,kt_ntv_fan,48
a963-e812-da4c-613f,250,50,kt_ntv_fan,47
a963-e812-da4c-613f,250,50,kt_ntv_fan,46
a963-e812-da4c-613f,250,50,kt_ntv_fan,57
a963-e812-da4c-613f,250,50,kt_ntv_fan,461d36-15f4-abed-4460,250,50,kt_ntv_pure,323
1d36-15f4-abed-4460,250,50,kt_ntv_pure,324
1d36-15f4-abed-4460,250,50,kt_ntv_pure,326
1d36-15f4-abed-4460,250,50,kt_ntv_pure,324
1d36-15f4-abed-4460,250,50,kt_ntv_pure,325
1d36-15f4-abed-4460,250,50,kt_ntv_pure,333
1d36-15f4-abed-4460,250,50,kt_ntv_pure,328
1d36-15f4-abed-4460,250,50,kt_ntv_pure,330
1d36-15f4-abed-4460,250,50,kt_ntv_pure,332
1d36-15f4-abed-4460,250,50,kt_ntv_pure,329